Product,Price,Currency,Description
HP Elitebook 1,800,USD,High-performance laptop with 16GB RAM and SSD storage
Canon Pixma 2,150,USD,Compact inkjet printer for vibrant color prints
Cisco Router 3,100,USD,Advanced router ensuring fast connectivity
Hikvision CCTV 4,90,USD,High-resolution CCTV camera for surveillance
Microsoft Windows 11 5,100,USD,Versatile operating system for seamless computing
APC UPS 6,200,USD,Reliable UPS providing backup power
Dell EMC Server 7,2000,USD,Enterprise-grade server with robust performance
Square POS 8,400,USD,Modern POS terminal for efficient transactions
Dell Inspiron 9,750,USD,Efficient desktop designed for everyday use
HP LaserJet 10,300,USD,Reliable laser printer for fast printing
TP-Link Switch 11,120,USD,Efficient network switch for seamless networking
Dahua DVR 12,220,USD,Efficient DVR for continuous recording
SAP ERP 13,600,USD,Robust business application streamlining operations
SolarEdge Inverter 14,800,USD,Efficient solar inverter for renewable energy
VMware vSphere 15,700,USD,Cutting-edge virtualization solution for optimized resources
Zebra Scanner 16,150,USD,Accurate barcode scanner for fast inventory management
Lenovo AIO 17,900,USD,Compact all-in-one PC for modern workplaces
Canon Copier 18,250,USD,Efficient copier designed for high-volume use
Netgear Wireless 19,150,USD,Reliable wireless access point for robust Wi-Fi
Honeywell Access Control 20,300,USD,Advanced access control system for secure entry
AWS Cloud 21,150,USD,Scalable cloud service offering flexible computing
Eaton PDU 22,300,USD,High-quality PDU ensuring stable power distribution
Oracle Database 23,3500,USD,Robust DBMS ensuring data integrity
Casio Register 24,120,USD,Reliable cash register with user-friendly interface
Dell Precision 25,1200,USD,High-performance workstation for professional applications
Canon Pixma 26,150,USD,Compact inkjet printer for vibrant color prints
TP-Link Switch 27,120,USD,Efficient network switch for seamless networking
Dahua DVR 28,220,USD,Efficient DVR for continuous recording
SAP ERP 29,600,USD,Robust business application streamlining operations
APC UPS 30,200,USD,Reliable UPS providing backup power
Dell EMC Server 31,2000,USD,Enterprise-grade server with robust performance
Square POS 32,400,USD,Modern POS terminal for efficient transactions
HP Elitebook 33,800,USD,High-performance laptop with 16GB RAM and SSD storage
Canon Pixma 34,150,USD,Compact inkjet printer for vibrant color prints
Cisco Router 35,100,USD,Advanced router ensuring fast connectivity
Hikvision CCTV 36,90,USD,High-resolution CCTV camera for surveillance
Microsoft Windows 11 37,100,USD,Versatile operating system for seamless computing
APC UPS 38,200,USD,Reliable UPS providing backup power
Dell EMC Server 39,2000,USD,Enterprise-grade server with robust performance
Square POS 40,400,USD,Modern POS terminal for efficient transactions
Dell Inspiron 41,750,USD,Efficient desktop designed for everyday use
HP LaserJet 42,300,USD,Reliable laser printer for fast printing
TP-Link Switch 43,120,USD,Efficient network switch for seamless networking
Dahua DVR 44,220,USD,Efficient DVR for continuous recording
SAP ERP 45,600,USD,Robust business application streamlining operations
SolarEdge Inverter 46,800,USD,Efficient solar inverter for renewable energy
VMware vSphere 47,700,USD,Cutting-edge virtualization solution for optimized resources
Zebra Scanner 48,150,USD,Accurate barcode scanner for fast inventory management
Acer Tablet 49,500,USD,Portable tablet with vibrant display
Canon Copier 50,250,USD,Efficient copier designed for high-volume use
Netgear Wireless 51,150,USD,Reliable wireless access point for robust Wi-Fi
Dahua DVR 52,220,USD,Efficient DVR for continuous recording
SAP ERP 53,600,USD,Robust business application streamlining operations
APC UPS 54,200,USD,Reliable UPS providing backup power
Dell EMC Server 55,2000,USD,Enterprise-grade server with robust performance
Square POS 56,400,USD,Modern POS terminal for efficient transactions
HP Elitebook 57,800,USD,High-performance laptop with 16GB RAM and SSD storage
Canon Pixma 58,150,USD,Compact inkjet printer for vibrant color prints
Cisco Router 59,100,USD,Advanced router ensuring fast connectivity
Hikvision CCTV 60,90,USD,High-resolution CCTV camera for surveillance
Microsoft Windows 11 61,100,USD,Versatile operating system for seamless computing
APC UPS 62,200,USD,Reliable UPS providing backup power
Dell EMC Server 63,2000,USD,Enterprise-grade server with robust performance
Square POS 64,400,USD,Modern POS terminal for efficient transactions
Dell Inspiron 65,750,USD,Efficient desktop designed for everyday use
HP LaserJet 66,300,USD,Reliable laser printer for fast printing
TP-Link Switch 67,120,USD,Efficient network switch for seamless networking
Dahua DVR 68,220,USD,Efficient DVR for continuous recording
SAP ERP 69,600,USD,Robust business application streamlining operations
SolarEdge Inverter 70,800,USD,Efficient solar inverter for renewable energy
VMware vSphere 71,700,USD,Cutting-edge virtualization solution for optimized resources
Zebra Scanner 72,150,USD,Accurate barcode scanner for fast inventory management
Dell Inspiron 73,750,USD,Efficient desktop designed for everyday use
HP LaserJet 74,300,USD,Reliable laser printer for fast printing
TP-Link Switch 75,120,USD,Efficient network switch for seamless networking
Dahua DVR 76,220,USD,Efficient DVR for continuous recording
SAP ERP 77,600,USD,Robust business application streamlining operations
APC UPS 78,200,USD,Reliable UPS providing backup power
Dell EMC Server 79,2000,USD,Enterprise-grade server with robust performance
Square POS 80,400,USD,Modern POS terminal for efficient transactions
HP Elitebook 81,800,USD,High-performance laptop with 16GB RAM and SSD storage
Canon Pixma 82,150,USD,Compact inkjet printer for vibrant color prints
Cisco Router 83,100,USD,Advanced router ensuring fast connectivity
Hikvision CCTV 84,90,USD,High-resolution CCTV camera for surveillance
Microsoft Windows 11 85,100,USD,Versatile operating system for seamless computing
APC UPS 86,200,USD,Reliable UPS providing backup power
Dell EMC Server 87,2000,USD,Enterprise-grade server with robust performance
Square POS 88,400,USD,Modern POS terminal for efficient transactions
Dell Inspiron 89,750,USD,Efficient desktop designed for everyday use
HP LaserJet 90,300,USD,Reliable laser printer for fast printing
TP-Link Switch 91,120,USD,Efficient network switch for seamless networking
Dahua DVR 92,220,USD,Efficient DVR for continuous recording
SAP ERP 93,600,USD,Robust business application streamlining operations
SolarEdge Inverter 94,800,USD,Efficient solar inverter for renewable energy
VMware vSphere 95,700,USD,Cutting-edge virtualization solution for optimized resources
Zebra Scanner 96,150,USD,Accurate barcode scanner for fast inventory management
Acer Tablet 97,500,USD,Portable tablet with vibrant display
Canon Copier 98,250,USD,Efficient copier designed for high-volume use
Netgear Wireless 99,150,USD,Reliable wireless access point for robust Wi-Fi
Dahua DVR 100,220,USD,Efficient DVR for continuous recording
SAP ERP 101,600,USD,Robust business application streamlining operations
APC UPS 102,200,USD,Reliable UPS providing backup power
Dell EMC Server 103,2000,USD,Enterprise-grade server with robust performance
Square POS 104,400,USD,Modern POS terminal for efficient transactions
HP Elitebook 105,800,USD,High-performance laptop with 16GB RAM and SSD storage
Canon Pixma 106,150,USD,Compact inkjet printer for vibrant color prints
Cisco Router 107,100,USD,Advanced router ensuring fast connectivity
Hikvision CCTV 108,90,USD,High-resolution CCTV camera for surveillance
Microsoft Windows 11 109,100,USD,Versatile operating system for seamless computing
APC UPS 110,200,USD,Reliable UPS providing backup power
Dell EMC Server 111,2000,USD,Enterprise-grade server with robust performance
Square POS 112,400,USD,Modern POS terminal for efficient transactions
Dell Inspiron 113,750,USD,Efficient desktop designed for everyday use
HP LaserJet 114,300,USD,Reliable laser printer for fast printing
TP-Link Switch 115,120,USD,Efficient network switch for seamless networking
Dahua DVR 116,220,USD,Efficient DVR for continuous recording
SAP ERP 117,600,USD,Robust business application streamlining operations
SolarEdge Inverter 118,800,USD,Efficient solar inverter for renewable energy
VMware vSphere 119,700,USD,Cutting-edge virtualization solution for optimized resources
Zebra Scanner 120,150,USD,Accurate barcode scanner for fast inventory management
Lenovo AIO 121,900,USD,Compact all-in-one PC for modern workplaces
Canon Copier 122,250,USD,Efficient copier designed for high-volume use
TP-Link Switch 123,120,USD,Efficient network switch for seamless networking
Dahua DVR 124,220,USD,Efficient DVR for continuous recording
SAP ERP 125,600,USD,Robust business application streamlining operations
APC UPS 126,200,USD,Reliable UPS providing backup power
Dell EMC Server 127,2000,USD,Enterprise-grade server with robust performance
Square POS 128,400,USD,Modern POS terminal for efficient transactions
Dell Inspiron 129,750,USD,Efficient desktop designed for everyday use
HP LaserJet 130,300,USD,Reliable laser printer for fast printing
TP-Link Switch 131,120,USD,Efficient network switch for seamless networking
Dahua DVR 132,220,USD,Efficient DVR for continuous recording
SAP ERP 133,600,USD,Robust business application streamlining operations
SolarEdge Inverter 134,800,USD,Efficient solar inverter for renewable energy
VMware vSphere 135,700,USD,Cutting-edge virtualization solution for optimized resources
Zebra Scanner 136,150,USD,Accurate barcode scanner for fast inventory management
Dell Inspiron 137,750,USD,Efficient desktop designed for everyday use
HP LaserJet 138,300,USD,Reliable laser printer for fast printing
TP-Link Switch 139,120,USD,Efficient network switch for seamless networking
Dahua DVR 140,220,USD,Efficient DVR for continuous recording
SAP ERP 141,600,USD,Robust business application streamlining operations
APC UPS 142,200,USD,Reliable UPS providing backup power
Dell EMC Server 143,2000,USD,Enterprise-grade server with robust performance
Square POS 144,400,USD,Modern POS terminal for efficient transactions
HP Elitebook 145,800,USD,High-performance laptop with 16GB RAM and SSD storage
Canon Pixma 146,150,USD,Compact inkjet printer for vibrant color prints
Cisco Router 147,100,USD,Advanced router ensuring fast connectivity
Hikvision CCTV 148,90,USD,High-resolution CCTV camera for surveillance
Microsoft Windows 11 149,100,USD,Versatile operating system for seamless computing
APC UPS 150,200,USD,Reliable UPS providing backup power
Dell EMC Server 151,2000,USD,Enterprise-grade server with robust performance
Square POS 152,400,USD,Modern POS terminal for efficient transactions
Dell Inspiron 153,750,USD,Efficient desktop designed for everyday use
HP LaserJet 154,300,USD,Reliable laser printer for fast printing
TP-Link Switch 155,120,USD,Efficient network switch for seamless networking
Dahua DVR 156,220,USD,Efficient DVR for continuous recording
SAP ERP 157,600,USD,Robust business application streamlining operations
SolarEdge Inverter 158,800,USD,Efficient solar inverter for renewable energy
VMware vSphere 159,700,USD,Cutting-edge virtualization solution for optimized resources
Zebra Scanner 160,150,USD,Accurate barcode scanner for fast inventory management
Acer Tablet 161,500,USD,Portable tablet with vibrant display
Canon Copier 162,250,USD,Efficient copier designed for high-volume use
Netgear Wireless 163,150,USD,Reliable wireless access point for robust Wi-Fi
Dahua DVR 164,220,USD,Efficient DVR for continuous recording
SAP ERP 165,600,USD,Robust business application streamlining operations
APC UPS 166,200,USD,Reliable UPS providing backup power
Dell EMC Server 167,2000,USD,Enterprise-grade server with robust performance
Square POS 168,400,USD,Modern POS terminal for efficient transactions
HP Elitebook 169,800,USD,High-performance laptop with 16GB RAM and SSD storage
Canon Pixma 170,150,USD,Compact inkjet printer for vibrant color prints
Cisco Router 171,100,USD,Advanced router ensuring fast connectivity
Hikvision CCTV 172,90,USD,High-resolution CCTV camera for surveillance
Microsoft Windows 11 173,100,USD,Versatile operating system for seamless computing
APC UPS 174,200,USD,Reliable UPS providing backup power
Dell EMC Server 175,2000,USD,Enterprise-grade server with robust performance
Square POS 176,400,USD,Modern POS terminal for efficient transactions
Dell Inspiron 177,750,USD,Efficient desktop designed for everyday use
HP LaserJet 178,300,USD,Reliable laser printer for fast printing
TP-Link Switch 179,120,USD,Efficient network switch for seamless networking
Dahua DVR 180,220,USD,Efficient DVR for continuous recording
SAP ERP 181,600,USD,Robust business application streamlining operations
SolarEdge Inverter 182,800,USD,Efficient solar inverter for renewable energy
VMware vSphere 183,700,USD,Cutting-edge virtualization solution for optimized resources
Zebra Scanner 184,150,USD,Accurate barcode scanner for fast inventory management
Lenovo AIO 185,900,USD,Compact all-in-one PC for modern workplaces
Canon Copier 186,250,USD,Efficient copier designed for high-volume use
TP-Link Switch 187,120,USD,Efficient network switch for seamless networking
Dahua DVR 188,220,USD,Efficient DVR for continuous recording
SAP ERP 189,600,USD,Robust business application streamlining operations
APC UPS 190,200,USD,Reliable UPS providing backup power
Dell EMC Server 191,2000,USD,Enterprise-grade server with robust performance
Square POS 192,400,USD,Modern POS terminal for efficient transactions
Dell Inspiron 193,750,USD,Efficient desktop designed for everyday use
HP LaserJet 194,300,USD,Reliable laser printer for fast printing
TP-Link Switch 195,120,USD,Efficient network switch for seamless networking
Dahua DVR 196,220,USD,Efficient DVR for continuous recording
SAP ERP 197,600,USD,Robust business application streamlining operations
SolarEdge Inverter 198,800,USD,Efficient solar inverter for renewable energy
VMware vSphere 199,700,USD,Cutting-edge virtualization solution for optimized resources
Zebra Scanner 200,150,USD,Accurate barcode scanner for fast inventory management
HP Elitebook 201,800,USD,High-performance laptop with 16GB RAM and SSD storage
Canon Pixma 202,150,USD,Compact inkjet printer for vibrant color prints
Cisco Router 203,100,USD,Advanced router ensuring fast connectivity
Hikvision CCTV 204,90,USD,High-resolution CCTV camera for surveillance
Microsoft Windows 11 205,100,USD,Versatile operating system for seamless computing
APC UPS 206,200,USD,Reliable UPS providing backup power
Dell EMC Server 207,2000,USD,Enterprise-grade server with robust performance
Square POS 208,400,USD,Modern POS terminal for efficient transactions
Dell Inspiron 209,750,USD,Efficient desktop designed for everyday use
HP LaserJet 210,300,USD,Reliable laser printer for fast printing
TP-Link Switch 211,120,USD,Efficient network switch for seamless networking
Dahua DVR 212,220,USD,Efficient DVR for continuous recording
SAP ERP 213,600,USD,Robust business application streamlining operations
SolarEdge Inverter 214,800,USD,Efficient solar inverter for renewable energy
VMware vSphere 215,700,USD,Cutting-edge virtualization solution for optimized resources
Zebra Scanner 216,150,USD,Accurate barcode scanner for fast inventory management
Acer Tablet 217,500,USD,Portable tablet with vibrant display
Canon Copier 218,250,USD,Efficient copier designed for high-volume use
Netgear Wireless 219,150,USD,Reliable wireless access point for robust Wi-Fi
Dahua DVR 220,220,USD,Efficient DVR for continuous recording
SAP ERP 221,600,USD,Robust business application streamlining operations
APC UPS 222,200,USD,Reliable UPS providing backup power
Dell EMC Server 223,2000,USD,Enterprise-grade server with robust performance
Square POS 224,400,USD,Modern POS terminal for efficient transactions
HP Elitebook 225,800,USD,High-performance laptop with 16GB RAM and SSD storage
Canon Pixma 226,150,USD,Compact inkjet printer for vibrant color prints
Cisco Router 227,100,USD,Advanced router ensuring fast connectivity
Hikvision CCTV 228,90,USD,High-resolution CCTV camera for surveillance
Microsoft Windows 11 229,100,USD,Versatile operating system for seamless computing
APC UPS 230,200,USD,Reliable UPS providing backup power
Dell EMC Server 231,2000,USD,Enterprise-grade server with robust performance
Square POS 232,400,USD,Modern POS terminal for efficient transactions
Dell Inspiron 233,750,USD,Efficient desktop designed for everyday use
HP LaserJet 234,300,USD,Reliable laser printer for fast printing
TP-Link Switch 235,120,USD,Efficient network switch for seamless networking
Dahua DVR 236,220,USD,Efficient DVR for continuous recording
SAP ERP 237,600,USD,Robust business application streamlining operations
SolarEdge Inverter 238,800,USD,Efficient solar inverter for renewable energy
VMware vSphere 239,700,USD,Cutting-edge virtualization solution for optimized resources
Zebra Scanner 240,150,USD,Accurate barcode scanner for fast inventory management
Lenovo AIO 241,900,USD,Compact all-in-one PC for modern workplaces
Canon Copier 242,250,USD,Efficient copier designed for high-volume use
TP-Link Switch 243,120,USD,Efficient network switch for seamless networking
Dahua DVR 244,220,USD,Efficient DVR for continuous recording
SAP ERP 245,600,USD,Robust business application streamlining operations
APC UPS 246,200,USD,Reliable UPS providing backup power
Dell EMC Server 247,2000,USD,Enterprise-grade server with robust performance
Square POS 248,400,USD,Modern POS terminal for efficient transactions
Dell Inspiron 249,750,USD,Efficient desktop designed for everyday use
HP LaserJet 250,300,USD,Reliable laser printer for fast printing
TP-Link Switch 251,120,USD,Efficient network switch for seamless networking
Dahua DVR 252,220,USD,Efficient DVR for continuous recording
SAP ERP 253,600,USD,Robust business application streamlining operations
SolarEdge Inverter 254,800,USD,Efficient solar inverter for renewable energy
VMware vSphere 255,700,USD,Cutting-edge virtualization solution for optimized resources
Zebra Scanner 256,150,USD,Accurate barcode scanner for fast inventory management
Acer Tablet 257,500,USD,Portable tablet with vibrant display
Canon Copier 258,250,USD,Efficient copier designed for high-volume use
Netgear Wireless 259,150,USD,Reliable wireless access point for robust Wi-Fi
Dahua DVR 260,220,USD,Efficient DVR for continuous recording
SAP ERP 261,600,USD,Robust business application streamlining operations
APC UPS 262,200,USD,Reliable UPS providing backup power
Dell EMC Server 263,2000,USD,Enterprise-grade server with robust performance
Square POS 264,400,USD,Modern POS terminal for efficient transactions
HP Elitebook 265,800,USD,High-performance laptop with 16GB RAM and SSD storage
Canon Pixma 266,150,USD,Compact inkjet printer for vibrant color prints
Cisco Router 267,100,USD,Advanced router ensuring fast connectivity
Hikvision CCTV 268,90,USD,High-resolution CCTV camera for surveillance
Microsoft Windows 11 269,100,USD,Versatile operating system for seamless computing
APC UPS 270,200,USD,Reliable UPS providing backup power
Dell EMC Server 271,2000,USD,Enterprise-grade server with robust performance
Square POS 272,400,USD,Modern POS terminal for efficient transactions
Dell Inspiron 273,750,USD,Efficient desktop designed for everyday use
HP LaserJet 274,300,USD,Reliable laser printer for fast printing
TP-Link Switch 275,120,USD,Efficient network switch for seamless networking
Dahua DVR 276,220,USD,Efficient DVR for continuous recording
SAP ERP 277,600,USD,Robust business application streamlining operations
SolarEdge Inverter 278,800,USD,Efficient solar inverter for renewable energy
VMware vSphere 279,700,USD,Cutting-edge virtualization solution for optimized resources
Zebra Scanner 280,150,USD,Accurate barcode scanner for fast inventory management
Lenovo AIO 281,900,USD,Compact all-in-one PC for modern workplaces
Canon Copier 282,250,USD,Efficient copier designed for high-volume use
TP-Link Switch 283,120,USD,Efficient network switch for seamless networking
Dahua DVR 284,220,USD,Efficient DVR for continuous recording
SAP ERP 285,600,USD,Robust business application streamlining operations
APC UPS 286,200,USD,Reliable UPS providing backup power
Dell EMC Server 287,2000,USD,Enterprise-grade server with robust performance
Square POS 288,400,USD,Modern POS terminal for efficient transactions
Dell Inspiron 289,750,USD,Efficient desktop designed for everyday use
HP LaserJet 290,300,USD,Reliable laser printer for fast printing
TP-Link Switch 291,120,USD,Efficient network switch for seamless networking
Dahua DVR 292,220,USD,Efficient DVR for continuous recording
SAP ERP 293,600,USD,Robust business application streamlining operations
SolarEdge Inverter 294,800,USD,Efficient solar inverter for renewable energy
VMware vSphere 295,700,USD,Cutting-edge virtualization solution for optimized resources
Zebra Scanner 296,150,USD,Accurate barcode scanner for fast inventory management
Acer Tablet 297,500,USD,Portable tablet with vibrant display
Canon Copier 298,250,USD,Efficient copier designed for high-volume use
Netgear Wireless 299,150,USD,Reliable wireless access point for robust Wi-Fi
Dahua DVR 300,220,USD,Efficient DVR for continuous recording
SAP ERP 301,600,USD,Robust business application streamlining operations
APC UPS 302,200,USD,Reliable UPS providing backup power
Dell EMC Server 303,2000,USD,Enterprise-grade server with robust performance
Square POS 304,400,USD,Modern POS terminal for efficient transactions
HP Elitebook 305,800,USD,High-performance laptop with 16GB RAM and SSD storage
Canon Pixma 306,150,USD,Compact inkjet printer for vibrant color prints
Cisco Router 307,100,USD,Advanced router ensuring fast connectivity
Hikvision CCTV 308,90,USD,High-resolution CCTV camera for surveillance
Microsoft Windows 11 309,100,USD,Versatile operating system for seamless computing
APC UPS 310,200,USD,Reliable UPS providing backup power
Dell EMC Server 311,2000,USD,Enterprise-grade server with robust performance
Square POS 312,400,USD,Modern POS terminal for efficient transactions
Dell Inspiron 313,750,USD,Efficient desktop designed for everyday use
HP LaserJet 314,300,USD,Reliable laser printer for fast printing
TP-Link Switch 315,120,USD,Efficient network switch for seamless networking
Dahua DVR 316,220,USD,Efficient DVR for continuous recording
SAP ERP 317,600,USD,Robust business application streamlining operations
SolarEdge Inverter 318,800,USD,Efficient solar inverter for renewable energy
VMware vSphere 319,700,USD,Cutting-edge virtualization solution for optimized resources
Zebra Scanner 320,150,USD,Accurate barcode scanner for fast inventory management
Lenovo AIO 321,900,USD,Compact all-in-one PC for modern workplaces
Canon Copier 322,250,USD,Efficient copier designed for high-volume use
TP-Link Switch 323,120,USD,Efficient network switch for seamless networking
Dahua DVR 324,220,USD,Efficient DVR for continuous recording
SAP ERP 325,600,USD,Robust business application streamlining operations
APC UPS 326,200,USD,Reliable UPS providing backup power
Dell EMC Server 327,2000,USD,Enterprise-grade server with robust performance
Square POS 328,400,USD,Modern POS terminal for efficient transactions
Dell Inspiron 329,750,USD,Efficient desktop designed for everyday use
HP LaserJet 330,300,USD,Reliable laser printer for fast printing
TP-Link Switch 331,120,USD,Efficient network switch for seamless networking
Dahua DVR 332,220,USD,Efficient DVR for continuous recording
SAP ERP 333,600,USD,Robust business application streamlining operations
SolarEdge Inverter 334,800,USD,Efficient solar inverter for renewable energy
VMware vSphere 335,700,USD,Cutting-edge virtualization solution for optimized resources
Zebra Scanner 336,150,USD,Accurate barcode scanner for fast inventory management
Acer Tablet 337,500,USD,Portable tablet with vibrant display
Canon Copier 338,250,USD,Efficient copier designed for high-volume use
Netgear Wireless 339,150,USD,Reliable wireless access point for robust Wi-Fi
Dahua DVR 340,220,USD,Efficient DVR for continuous recording
SAP ERP 341,600,USD,Robust business application streamlining operations
APC UPS 342,200,USD,Reliable UPS providing backup power
Dell EMC Server 343,2000,USD,Enterprise-grade server with robust performance
Square POS 344,400,USD,Modern POS terminal for efficient transactions
HP Elitebook 345,800,USD,High-performance laptop with 16GB RAM and SSD storage
Canon Pixma 346,150,USD,Compact inkjet printer for vibrant color prints
Cisco Router 347,100,USD,Advanced router ensuring fast connectivity
Hikvision CCTV 348,90,USD,High-resolution CCTV camera for surveillance
Microsoft Windows 11 349,100,USD,Versatile operating system for seamless computing
APC UPS 350,200,USD,Reliable UPS providing backup power
Dell EMC Server 351,2000,USD,Enterprise-grade server with robust performance
Square POS 352,400,USD,Modern POS terminal for efficient transactions
Dell Inspiron 353,750,USD,Efficient desktop designed for everyday use
HP LaserJet 354,300,USD,Reliable laser printer for fast printing
TP-Link Switch 355,120,USD,Efficient network switch for seamless networking
Dahua DVR 356,220,USD,Efficient DVR for continuous recording
SAP ERP 357,600,USD,Robust business application streamlining operations
SolarEdge Inverter 358,800,USD,Efficient solar inverter for renewable energy
VMware vSphere 359,700,USD,Cutting-edge virtualization solution for optimized resources
Zebra Scanner 360,150,USD,Accurate barcode scanner for fast inventory management
Lenovo AIO 361,900,USD,Compact all-in-one PC for modern workplaces
Canon Copier 362,250,USD,Efficient copier designed for high-volume use
TP-Link Switch 363,120,USD,Efficient network switch for seamless networking
Dahua DVR 364,220,USD,Efficient DVR for continuous recording
SAP ERP 365,600,USD,Robust business application streamlining operations
APC UPS 366,200,USD,Reliable UPS providing backup power
Dell EMC Server 367,2000,USD,Enterprise-grade server with robust performance
Square POS 368,400,USD,Modern POS terminal for efficient transactions
Dell Inspiron 369,750,USD,Efficient desktop designed for everyday use
HP LaserJet 370,300,USD,Reliable laser printer for fast printing
TP-Link Switch 371,120,USD,Efficient network switch for seamless networking
Dahua DVR 372,220,USD,Efficient DVR for continuous recording
SAP ERP 373,600,USD,Robust business application streamlining operations
SolarEdge Inverter 374,800,USD,Efficient solar inverter for renewable energy
VMware vSphere 375,700,USD,Cutting-edge virtualization solution for optimized resources
Zebra Scanner 376,150,USD,Accurate barcode scanner for fast inventory management
Acer Tablet 377,500,USD,Portable tablet with vibrant display
Canon Copier 378,250,USD,Efficient copier designed for high-volume use
Netgear Wireless 379,150,USD,Reliable wireless access point for robust Wi-Fi
Dahua DVR 380,220,USD,Efficient DVR for continuous recording
SAP ERP 381,600,USD,Robust business application streamlining operations
APC UPS 382,200,USD,Reliable UPS providing backup power
Dell EMC Server 383,2000,USD,Enterprise-grade server with robust performance
Square POS 384,400,USD,Modern POS terminal for efficient transactions
HP Elitebook 385,800,USD,High-performance laptop with 16GB RAM and SSD storage
Canon Pixma 386,150,USD,Compact inkjet printer for vibrant color prints
Cisco Router 387,100,USD,Advanced router ensuring fast connectivity
Hikvision CCTV 388,90,USD,High-resolution CCTV camera for surveillance
Microsoft Windows 11 389,100,USD,Versatile operating system for seamless computing
APC UPS 390,200,USD,Reliable UPS providing backup power
Dell EMC Server 391,2000,USD,Enterprise-grade server with robust performance
Square POS 392,400,USD,Modern POS terminal for efficient transactions
Dell Inspiron 393,750,USD,Efficient desktop designed for everyday use
HP LaserJet 394,300,USD,Reliable laser printer for fast printing
TP-Link Switch 395,120,USD,Efficient network switch for seamless networking
Dahua DVR 396,220,USD,Efficient DVR for continuous recording
SAP ERP 397,600,USD,Robust business application streamlining operations
SolarEdge Inverter 398,800,USD,Efficient solar inverter for renewable energy
VMware vSphere 399,700,USD,Cutting-edge virtualization solution for optimized resources
Zebra Scanner 400,150,USD,Accurate barcode scanner for fast inventory management
Lenovo AIO 401,900,USD,Compact all-in-one PC for modern workplaces
Canon Copier 402,250,USD,Efficient copier designed for high-volume use
TP-Link Switch 403,120,USD,Efficient network switch for seamless networking
Dahua DVR 404,220,USD,Efficient DVR for continuous recording
SAP ERP 405,600,USD,Robust business application streamlining operations
APC UPS 406,200,USD,Reliable UPS providing backup power
Dell EMC Server 407,2000,USD,Enterprise-grade server with robust performance
Square POS 408,400,USD,Modern POS terminal for efficient transactions
Dell Inspiron 409,750,USD,Efficient desktop designed for everyday use
HP LaserJet 410,300,USD,Reliable laser printer for fast printing
TP-Link Switch 411,120,USD,Efficient network switch for seamless networking
Dahua DVR 412,220,USD,Efficient DVR for continuous recording
SAP ERP 413,600,USD,Robust business application streamlining operations
SolarEdge Inverter 414,800,USD,Efficient solar inverter for renewable energy
VMware vSphere 415,700,USD,Cutting-edge virtualization solution for optimized resources
Zebra Scanner 416,150,USD,Accurate barcode scanner for fast inventory management
Acer Tablet 417,500,USD,Portable tablet with vibrant display
Canon Copier 418,250,USD,Efficient copier designed for high-volume use
Netgear Wireless 419,150,USD,Reliable wireless access point for robust Wi-Fi
Dahua DVR 420,220,USD,Efficient DVR for continuous recording
SAP ERP 421,600,USD,Robust business application streamlining operations
APC UPS 422,200,USD,Reliable UPS providing backup power
Dell EMC Server 423,2000,USD,Enterprise-grade server with robust performance
Square POS 424,400,USD,Modern POS terminal for efficient transactions
HP Elitebook 425,800,USD,High-performance laptop with 16GB RAM and SSD storage
Canon Pixma 426,150,USD,Compact inkjet printer for vibrant color prints
Cisco Router 427,100,USD,Advanced router ensuring fast connectivity
Hikvision CCTV 428,90,USD,High-resolution CCTV camera for surveillance
Microsoft Windows 11 429,100,USD,Versatile operating system for seamless computing
APC UPS 430,200,USD,Reliable UPS providing backup power
Dell EMC Server 431,2000,USD,Enterprise-grade server with robust performance
Square POS 432,400,USD,Modern POS terminal for efficient transactions
Dell Inspiron 433,750,USD,Efficient desktop designed for everyday use
HP LaserJet 434,300,USD,Reliable laser printer for fast printing
TP-Link Switch 435,120,USD,Efficient network switch for seamless networking
Dahua DVR 436,220,USD,Efficient DVR for continuous recording
SAP ERP 437,600,USD,Robust business application streamlining operations
SolarEdge Inverter 438,800,USD,Efficient solar inverter for renewable energy
VMware vSphere 439,700,USD,Cutting-edge virtualization solution for optimized resources
Zebra Scanner 440,150,USD,Accurate barcode scanner for fast inventory management
Lenovo AIO 441,900,USD,Compact all-in-one PC for modern workplaces
Canon Copier 442,250,USD,Efficient copier designed for high-volume use
TP-Link Switch 443,120,USD,Efficient network switch for seamless networking
Dahua DVR 444,220,USD,Efficient DVR for continuous recording
SAP ERP 445,600,USD,Robust business application streamlining operations
APC UPS 446,200,USD,Reliable UPS providing backup power
Dell EMC Server 447,2000,USD,Enterprise-grade server with robust performance
Square POS 448,400,USD,Modern POS terminal for efficient transactions
Dell Inspiron 449,750,USD,Efficient desktop designed for everyday use
HP LaserJet 450,300,USD,Reliable laser printer for fast printing
TP-Link Switch 451,120,USD,Efficient network switch for seamless networking
Dahua DVR 452,220,USD,Efficient DVR for continuous recording
SAP ERP 453,600,USD,Robust business application streamlining operations
SolarEdge Inverter 454,800,USD,Efficient solar inverter for renewable energy
VMware vSphere 455,700,USD,Cutting-edge virtualization solution for optimized resources
Zebra Scanner 456,150,USD,Accurate barcode scanner for fast inventory management
Acer Tablet 457,500,USD,Portable tablet with vibrant display
Canon Copier 458,250,USD,Efficient copier designed for high-volume use
Netgear Wireless 459,150,USD,Reliable wireless access point for robust Wi-Fi
Dahua DVR 460,220,USD,Efficient DVR for continuous recording
SAP ERP 461,600,USD,Robust business application streamlining operations
APC UPS 462,200,USD,Reliable UPS providing backup power
Dell EMC Server 463,2000,USD,Enterprise-grade server with robust performance
Square POS 464,400,USD,Modern POS terminal for efficient transactions
HP Elitebook 465,800,USD,High-performance laptop with 16GB RAM and SSD storage
Canon Pixma 466,150,USD,Compact inkjet printer for vibrant color prints
Cisco Router 467,100,USD,Advanced router ensuring fast connectivity
Hikvision CCTV 468,90,USD,High-resolution CCTV camera for surveillance
Microsoft Windows 11 469,100,USD,Versatile operating system for seamless computing
APC UPS 470,200,USD,Reliable UPS providing backup power
Dell EMC Server 471,2000,USD,Enterprise-grade server with robust performance
Square POS 472,400,USD,Modern POS terminal for efficient transactions
Dell Inspiron 473,750,USD,Efficient desktop designed for everyday use
HP LaserJet 474,300,USD,Reliable laser printer for fast printing
TP-Link Switch 475,120,USD,Efficient network switch for seamless networking
Dahua DVR 476,220,USD,Efficient DVR for continuous recording
SAP ERP 477,600,USD,Robust business application streamlining operations
SolarEdge Inverter 478,800,USD,Efficient solar inverter for renewable energy
VMware vSphere 479,700,USD,Cutting-edge virtualization solution for optimized resources
Zebra Scanner 480,150,USD,Accurate barcode scanner for fast inventory management
Lenovo AIO 481,900,USD,Compact all-in-one PC for modern workplaces
Canon Copier 482,250,USD,Efficient copier designed for high-volume use
TP-Link Switch 483,120,USD,Efficient network switch for seamless networking
Dahua DVR 484,220,USD,Efficient DVR for continuous recording
SAP ERP 485,600,USD,Robust business application streamlining operations
APC UPS 486,200,USD,Reliable UPS providing backup power
Dell EMC Server 487,2000,USD,Enterprise-grade server with robust performance
Square POS 488,400,USD,Modern POS terminal for efficient transactions
Dell Inspiron 489,750,USD,Efficient desktop designed for everyday use
HP LaserJet 490,300,USD,Reliable laser printer for fast printing
TP-Link Switch 491,120,USD,Efficient network switch for seamless networking
Dahua DVR 492,220,USD,Efficient DVR for continuous recording
SAP ERP 493,600,USD,Robust business application streamlining operations
SolarEdge Inverter 494,800,USD,Efficient solar inverter for renewable energy
VMware vSphere 495,700,USD,Cutting-edge virtualization solution for optimized resources
Zebra Scanner 496,150,USD,Accurate barcode scanner for fast inventory management
Acer Tablet 497,500,USD,Portable tablet with vibrant display
Canon Copier 498,250,USD,Efficient copier designed for high-volume use
Netgear Wireless 499,150,USD,Reliable wireless access point for robust Wi-Fi
Dahua DVR 500,220,USD,Efficient DVR for continuous recording
